{
  "BTC->XRP": {
    "leader": "BTC",
    "alt": "XRP",
    "n": 76522,
    "best_lag": 7,
    "corr_best": -0.007562291730034188,
    "uncond_edge_bps": 0.35245639295642905,
    "cond_edge_bps": -1.1378238485857661,
    "g_econ": false,
    "bootstrap_p": 0.172,
    "ci_lo": -0.01898266674660714,
    "ci_hi": 0.0036438309066332175,
    "asym_ratio": 1.314090246241941,
    "is_best_lag": 2,
    "oos_sign_match": false,
    "oos_corr": 0.00987065838383477,
    "oos_p": 0.358,
    "g_stab": false,
    "g_asym": false,
    "bh_survive": false,
    "g_stat": false,
    "PASS": false,
    "ccf": {
      "1": -0.006906727699618628,
      "2": -0.004141017385655717,
      "3": -0.005305564205946575,
      "4": -0.002925310546464645,
      "5": -0.001081983768568942,
      "6": 0.000824792050282815,
      "7": -0.007562291730034188,
      "8": 0.003277296546052436
    }
  },
  "ETH->XRP": {
    "leader": "ETH",
    "alt": "XRP",
    "n": 76522,
    "best_lag": 3,
    "corr_best": -0.010893192966946927,
    "uncond_edge_bps": 0.5076999986208014,
    "cond_edge_bps": -0.7414804019685052,
    "g_econ": false,
    "bootstrap_p": 0.174,
    "ci_lo": -0.028449165768210407,
    "ci_hi": 0.004117793195665552,
    "asym_ratio": 1.0487500226462783,
    "is_best_lag": 2,
    "oos_sign_match": false,
    "oos_corr": 0.0034060248280349094,
    "oos_p": 0.742,
    "g_stab": false,
    "g_asym": false,
    "bh_survive": false,
    "g_stat": false,
    "PASS": false,
    "ccf": {
      "1": -0.007393842095652679,
      "2": -0.009726284417874263,
      "3": -0.010893192966946927,
      "4": -0.005208871673639364,
      "5": -0.0016876511021958532,
      "6": 0.0010418336455610896,
      "7": -0.0038084664889397432,
      "8": 0.010482874246032513
    }
  },
  "BTC->SOL": {
    "leader": "BTC",
    "alt": "SOL",
    "n": 35039,
    "best_lag": 1,
    "corr_best": -0.011167393152058195,
    "uncond_edge_bps": 0.4667423204433236,
    "cond_edge_bps": -1.00750915496531,
    "g_econ": false,
    "bootstrap_p": 0.282,
    "ci_lo": -0.03124726427302814,
    "ci_hi": 0.010165673296021457,
    "asym_ratio": 5.283592851129817,
    "is_best_lag": 4,
    "oos_sign_match": false,
    "oos_corr": -0.009650328200656021,
    "oos_p": 0.65,
    "g_stab": false,
    "g_asym": true,
    "bh_survive": false,
    "g_stat": false,
    "PASS": false,
    "ccf": {
      "1": -0.011167393152058195,
      "2": -0.0006375297543980399,
      "3": -0.0015494392434343984,
      "4": 0.01036646441732046,
      "5": -0.0051720732500877544,
      "6": 0.010146551690448835,
      "7": -0.00903912947023607,
      "8": -0.004939057926296328
    }
  },
  "ETH->SOL": {
    "leader": "ETH",
    "alt": "SOL",
    "n": 35039,
    "best_lag": 4,
    "corr_best": 0.017409838018068197,
    "uncond_edge_bps": 0.7276459317273973,
    "cond_edge_bps": 0.26026523683024794,
    "g_econ": false,
    "bootstrap_p": 0.072,
    "ci_lo": -0.001359701031804969,
    "ci_hi": 0.03577257644690374,
    "asym_ratio": 2.089990299139503,
    "is_best_lag": 4,
    "oos_sign_match": false,
    "oos_corr": -0.00960616139636581,
    "oos_p": 0.716,
    "g_stab": false,
    "g_asym": true,
    "bh_survive": false,
    "g_stat": false,
    "PASS": false,
    "ccf": {
      "1": -0.007953000045112865,
      "2": -0.006127402414082812,
      "3": -0.01459170895795919,
      "4": 0.017409838018068197,
      "5": -0.0015889470393577745,
      "6": 0.004239859492357044,
      "7": -0.007706304209052874,
      "8": 0.004394377105761828
    }
  },
  "BTC->AVAX": {
    "leader": "BTC",
    "alt": "AVAX",
    "n": 35039,
    "best_lag": 3,
    "corr_best": -0.011090770127113205,
    "uncond_edge_bps": 0.5244324827526058,
    "cond_edge_bps": -0.6868180173277382,
    "g_econ": false,
    "bootstrap_p": 0.362,
    "ci_lo": -0.03436666616773217,
    "ci_hi": 0.008103008751402787,
    "asym_ratio": 0.7533747778145427,
    "is_best_lag": 3,
    "oos_sign_match": false,
    "oos_corr": 0.00824730656952274,
    "oos_p": 0.558,
    "g_stab": false,
    "g_asym": false,
    "bh_survive": false,
    "g_stat": false,
    "PASS": false,
    "ccf": {
      "1": -0.006928102065290185,
      "2": -0.00219903011943412,
      "3": -0.011090770127113205,
      "4": 0.0040058533533077235,
      "5": -0.004119393323757916,
      "6": 0.008820859516792788,
      "7": -0.004989593261962494,
      "8": -0.002447539460521089
    }
  },
  "ETH->AVAX": {
    "leader": "ETH",
    "alt": "AVAX",
    "n": 35039,
    "best_lag": 3,
    "corr_best": -0.02490303257242436,
    "uncond_edge_bps": 1.177552059085447,
    "cond_edge_bps": -1.3656459038407254,
    "g_econ": false,
    "bootstrap_p": 0.014,
    "ci_lo": -0.051589617238543564,
    "ci_hi": -0.002887166246122731,
    "asym_ratio": 4.8847108364220135,
    "is_best_lag": 3,
    "oos_sign_match": false,
    "oos_corr": 0.0033862085461596947,
    "oos_p": 0.8,
    "g_stab": false,
    "g_asym": true,
    "bh_survive": false,
    "g_stat": false,
    "PASS": false,
    "ccf": {
      "1": 0.004611926025621174,
      "2": -0.0107365707809009,
      "3": -0.02490303257242436,
      "4": 0.01091810091759554,
      "5": 0.001925192475648064,
      "6": 0.004601031953359874,
      "7": -0.006745360386456196,
      "8": 0.0074680937501626484
    }
  },
  "BTC->LINK": {
    "leader": "BTC",
    "alt": "LINK",
    "n": 35039,
    "best_lag": 1,
    "corr_best": -0.013586330442807954,
    "uncond_edge_bps": 0.6764464250465582,
    "cond_edge_bps": -2.1196678761262673,
    "g_econ": false,
    "bootstrap_p": 0.124,
    "ci_lo": -0.032565516708274574,
    "ci_hi": 0.0032952053854119947,
    "asym_ratio": 1.8072245019487543,
    "is_best_lag": 3,
    "oos_sign_match": false,
    "oos_corr": 0.0038053125729163345,
    "oos_p": 0.882,
    "g_stab": false,
    "g_asym": false,
    "bh_survive": false,
    "g_stat": false,
    "PASS": false,
    "ccf": {
      "1": -0.013586330442807954,
      "2": 0.0006035213199868572,
      "3": -0.013461652790786139,
      "4": -0.0011351253617224327,
      "5": 0.001870299482579091,
      "6": 0.012300289388160923,
      "7": -0.011770216434422097,
      "8": 0.002480225009621634
    }
  },
  "ETH->LINK": {
    "leader": "ETH",
    "alt": "LINK",
    "n": 35039,
    "best_lag": 3,
    "corr_best": -0.02729803917359401,
    "uncond_edge_bps": 1.3591352784690685,
    "cond_edge_bps": -1.5356098589652494,
    "g_econ": false,
    "bootstrap_p": 0.028,
    "ci_lo": -0.056220781388700417,
    "ci_hi": -0.0022356798182323044,
    "asym_ratio": 4.037354540646901,
    "is_best_lag": 3,
    "oos_sign_match": false,
    "oos_corr": 0.0036474362565378326,
    "oos_p": 0.808,
    "g_stab": false,
    "g_asym": true,
    "bh_survive": false,
    "g_stat": false,
    "PASS": false,
    "ccf": {
      "1": 0.0036892050382790185,
      "2": -0.006973870952654349,
      "3": -0.02729803917359401,
      "4": 0.002774206022811654,
      "5": 0.007676097546041394,
      "6": 0.00640022708448991,
      "7": -0.015255803270887124,
      "8": 0.014224254987604103
    }
  },
  "BTC->DOGE": {
    "leader": "BTC",
    "alt": "DOGE",
    "n": 43112,
    "best_lag": 7,
    "corr_best": -0.010282020173979122,
    "uncond_edge_bps": 0.46212283809721505,
    "cond_edge_bps": -0.2053638030703473,
    "g_econ": false,
    "bootstrap_p": 0.094,
    "ci_lo": -0.022652586144662153,
    "ci_hi": 0.0018521068013614944,
    "asym_ratio": 3.3840087214084766,
    "is_best_lag": 5,
    "oos_sign_match": false,
    "oos_corr": 0.0006790395246955996,
    "oos_p": 0.94,
    "g_stab": false,
    "g_asym": true,
    "bh_survive": false,
    "g_stat": false,
    "PASS": false,
    "ccf": {
      "1": -0.004568429629498504,
      "2": 0.0014060288619209041,
      "3": 0.002698230608236731,
      "4": -0.0030117931643297924,
      "5": -0.010111317661208274,
      "6": 0.006251855208708739,
      "7": -0.010282020173979122,
      "8": -0.005065397204621297
    }
  },
  "ETH->DOGE": {
    "leader": "ETH",
    "alt": "DOGE",
    "n": 43112,