{
  "generated": "2026-05-29",
  "symbols": [
    "AVAXUSDT",
    "DOGEUSDT",
    "LINKUSDT",
    "SOLUSDT",
    "TRXUSDT",
    "XRPUSDT"
  ],
  "n_pairs": 15,
  "alpha": 0.05,
  "bonferroni_alpha": 0.0033333333333333335,
  "bar_minutes": 15.0,
  "correction_note": "EG는 15회 검정 → Bonferroni/BH 보정 적용. raw p<0.05는 우연 양성 포함.",
  "rows": [
    {
      "pair": "AVAX/DOGE",
      "a": "AVAXUSDT",
      "b": "DOGEUSDT",
      "n": 35040,
      "eg_ab": 0.013122188742982656,
      "eg_ba": 0.012473072766817436,
      "eg_best": 0.012473072766817436,
      "joh_reject_r0": true,
      "joh_trace": 17.02093697921258,
      "joh_crit": 15.4943,
      "half_life_days": 7.935883489706734,
      "hl_valid": true,
      "oos_adf_p": 0.026356626176874832,
      "eg_raw_pass": true,
      "eg_bonf_pass": false,
      "eg_bh_pass": false,
      "hl_pass": false,
      "oos_pass": true,
      "SCREEN_PASS": false
    },
    {
      "pair": "DOGE/XRP",
      "a": "DOGEUSDT",
      "b": "XRPUSDT",
      "n": 43113,
      "eg_ab": 0.08479367238977747,
      "eg_ba": 0.10153927653171757,
      "eg_best": 0.08479367238977747,
      "joh_reject_r0": false,
      "joh_trace": 11.402705668420127,
      "joh_crit": 15.4943,
      "half_life_days": 15.115756741791868,
      "hl_valid": true,
      "oos_adf_p": 0.4099360760617116,
      "eg_raw_pass": false,
      "eg_bonf_pass": false,
      "eg_bh_pass": false,
      "hl_pass": false,
      "oos_pass": false,
      "SCREEN_PASS": false
    },
    {
      "pair": "DOGE/SOL",
      "a": "DOGEUSDT",
      "b": "SOLUSDT",
      "n": 35040,
      "eg_ab": 0.1456229043656176,
      "eg_ba": 0.12642758974253376,
      "eg_best": 0.12642758974253376,
      "joh_reject_r0": false,
      "joh_trace": 11.828491664925235,
      "joh_crit": 15.4943,
      "half_life_days": 16.079154240267062,
      "hl_valid": true,
      "oos_adf_p": 0.007922777004546086,
      "eg_raw_pass": false,
      "eg_bonf_pass": false,
      "eg_bh_pass": false,
      "hl_pass": false,
      "oos_pass": true,
      "SCREEN_PASS": false
    },
    {
      "pair": "SOL/XRP",
      "a": "SOLUSDT",
      "b": "XRPUSDT",
      "n": 35040,
      "eg_ab": 0.1389616389019177,
      "eg_ba": 0.13023790363423043,
      "eg_best": 0.13023790363423043,
      "joh_reject_r0": false,
      "joh_trace": 14.258228775772492,
      "joh_crit": 15.4943,
      "half_life_days": 15.288942131416128,
      "hl_valid": true,
      "oos_adf_p": 0.1803357688868249,
      "eg_raw_pass": false,
      "eg_bonf_pass": false,
      "eg_bh_pass": false,
      "hl_pass": false,
      "oos_pass": false,
      "SCREEN_PASS": false
    },
    {
      "pair": "LINK/SOL",
      "a": "LINKUSDT",
      "b": "SOLUSDT",
      "n": 35040,
      "eg_ab": 0.16281931124502363,
      "eg_ba": 0.17902662181940993,
      "eg_best": 0.16281931124502363,
      "joh_reject_r0": false,
      "joh_trace": 15.309292513901173,
      "joh_crit": 15.4943,
      "half_life_days": 10.123668971345937,
      "hl_valid": true,
      "oos_adf_p": 0.34044129918676747,
      "eg_raw_pass": false,
      "eg_bonf_pass": false,
      "eg_bh_pass": false,
      "hl_pass": false,
      "oos_pass": false,
      "SCREEN_PASS": false
    },
    {
      "pair": "LINK/XRP",
      "a": "LINKUSDT",
      "b": "XRPUSDT",
      "n": 35040,
      "eg_ab": 0.18574481692366984,
      "eg_ba": 0.19960043941787514,
      "eg_best": 0.18574481692366984,
      "joh_reject_r0": false,
      "joh_trace": 11.910596676205545,
      "joh_crit": 15.4943,
      "half_life_days": 15.015870728364353,
      "hl_valid": true,
      "oos_adf_p": 0.0038000829809965424,
      "eg_raw_pass": false,
      "eg_bonf_pass": false,
      "eg_bh_pass": false,
      "hl_pass": false,
      "oos_pass": true,
      "SCREEN_PASS": false
    },
    {
      "pair": "AVAX/XRP",
      "a": "AVAXUSDT",
      "b": "XRPUSDT",
      "n": 35040,
      "eg_ab": 0.3811724974623504,
      "eg_ba": 0.3007462791065286,
      "eg_best": 0.3007462791065286,
      "joh_reject_r0": false,
      "joh_trace": 6.448718065302265,
      "joh_crit": 15.4943,
      "half_life_days": 24.131295290113748,
      "hl_valid": true,
      "oos_adf_p": 0.008068940552653555,
      "eg_raw_pass": false,
      "eg_bonf_pass": false,
      "eg_bh_pass": false,
      "hl_pass": false,
      "oos_pass": true,
      "SCREEN_PASS": false
    },
    {
      "pair": "AVAX/SOL",
      "a": "AVAXUSDT",
      "b": "SOLUSDT",
      "n": 35040,
      "eg_ab": 0.36797618358984696,
      "eg_ba": 0.3204079946995132,
      "eg_best": 0.3204079946995132,
      "joh_reject_r0": false,
      "joh_trace": 10.25558822684614,
      "joh_crit": 15.4943,
      "half_life_days": 23.13660388066677,
      "hl_valid": true,
      "oos_adf_p": 0.007913393652464507,
      "eg_raw_pass": false,
      "eg_bonf_pass": false,
      "eg_bh_pass": false,
      "hl_pass": false,
      "oos_pass": true,
      "SCREEN_PASS": false
    },
    {
      "pair": "LINK/TRX",
      "a": "LINKUSDT",
      "b": "TRXUSDT",
      "n": 35040,
      "eg_ab": 0.8609534971939936,
      "eg_ba": 0.369995708145701,
      "eg_best": 0.369995708145701,
      "joh_reject_r0": false,
      "joh_trace": 7.925685359037473,
      "joh_crit": 15.4943,
      "half_life_days": 48.74468188460677,
      "hl_valid": true,
      "oos_adf_p": 0.7762432364409737,
      "eg_raw_pass": false,
      "eg_bonf_pass": false,
      "eg_bh_pass": false,
      "hl_pass": false,
      "oos_pass": false,
      "SCREEN_PASS": false
    },
    {
      "pair": "AVAX/TRX",
      "a": "AVAXUSDT",
      "b": "TRXUSDT",
      "n": 35040,
      "eg_ab": 0.9588175709443214,
      "eg_ba": 0.37427130030178146,
      "eg_best": 0.37427130030178146,
      "joh_reject_r0": false,
      "joh_trace": 6.483024193508973,
      "joh_crit": 15.4943,
      "half_life_days": 173.3927217700318,
      "hl_valid": true,
      "oos_adf_p": 0.5332672020535729,
      "eg_raw_pass": false,
      "eg_bonf_pass": false,
      "eg_bh_pass": false,
      "hl_pass": false,
      "oos_pass": false,
      "SCREEN_PASS": false
    },
    {
      "pair": "DOGE/LINK",
      "a": "DOGEUSDT",
      "b": "LINKUSDT",
      "n": 35040,
      "eg_ab": 0.5825153933095358,
      "eg_ba": 0.519287080104807,
      "eg_best": 0.519287080104807,
      "joh_reject_r0": false,
      "joh_trace": 5.658626426648382,
      "joh_crit": 15.4943,
      "half_life_days": 25.567967286491374,
      "hl_valid": true,
      "oos_adf_p": 0.073040003899153,
      "eg_raw_pass": false,
      "eg_bonf_pass": false,
      "eg_bh_pass": false,
      "hl_pass": false,
      "oos_pass": false,
      "SCREEN_PASS": false
    },
    {
      "pair": "SOL/TRX",
      "a": "SOLUSDT",
      "b": "TRXUSDT",
      "n": 35040,
      "eg_ab": 0.9365350169791122,
      "eg_ba": 0.5219112899589822,
      "eg_best": 0.5219112899589822,
      "joh_reject_r0": false,
      "joh_trace": 6.24781682043408,
      "joh_crit": 15.4943,
      "half_life_days": 117.65361350992916,
      "hl_valid": true,
      "oos_adf_p": 0.7656174019430716,
      "eg_raw_pass": false,
      "eg_bonf_pass": false,
      "eg_bh_pass": false,
      "hl_pass": false,
      "oos_pass": false,
      "SCREEN_PASS": false
    },
    {
      "pair": "AVAX/LINK",
      "a": "AVAXUSDT",
      "b": "LINKUSDT",
      "n": 35040,
      "eg_ab": 0.7140625504275493,
      "eg_ba": 0.5949202545332384,
      "eg_best": 0.5949202545332384,
      "joh_reject_r0": false,
      "joh_trace": 4.667915565802194,
      "joh_crit": 15.4943,
      "half_life_days": 41.48364372650995,
      "hl_valid": true,
      "oos_adf_p": 0.033029080236927785,
      "eg_raw_pass": false,
      "eg_bonf_pass": false,
      "eg_bh_pass": false,
      "hl_pass": false,
      "oos_pass": true,
      "SCREEN_PASS": false
    },
    {
      "pair": "DOGE/TRX",
      "a": "DOGEUSDT",
      "b": "TRXUSDT",
      "n": 43113,
      "eg_ab": 0.8553893245169202,
      "eg_ba": 0.8018872245542839,
      "eg_best": 0.8018872245542839,